TypeID,ObjectName,HasCollision,PositionX,PositionY,PositionZ,RotationX,RotationY,RotationZ,ScaleX,ScaleY,ScaleZ,RotationQW,RotationQX,RotationQY,RotationQZ
17,floor_tile_large (2),0,-0.75,-0.6500015,-0.2300034,9.334668E-06,0,0,2,1,2,1,8.146034E-08,0,0
17,floor_tile_large (96),0,-8.71,-0.6500015,7.68,9.334668E-06,0,0,2,1,2,1,8.146034E-08,0,0
17,floor_tile_large (19),0,-8.71,-0.6500015,-8.129997,9.334668E-06,0,0,2,1,2,1,8.146034E-08,0,0
17,floor_tile_large (12),0,-8.71,-0.6500015,-0.2399979,9.334668E-06,0,0,2,1,2,1,8.146034E-08,0,0
17,floor_tile_large (44),0,-16.71,-0.6476364,-0.2277756,9.334668E-06,0,0,2,1,2,1,8.146034E-08,0,0
17,floor_tile_large (41),0,12.03,-0.6500015,17.72,9.334668E-06,0,0,1.5,1,1.5,1,8.146034E-08,0,0
17,floor_tile_large (42),0,12.03,-0.6500015,11.81,9.334668E-06,0,0,1.5,1,1.5,1,8.146034E-08,0,0
17,floor_tile_large (43),0,6.05,-0.6500015,17.7,9.334668E-06,0,0,1.5,1,1.5,1,8.146034E-08,0,0
17,floor_tile_large (45),0,6.05,-0.6500015,11.78,9.334668E-06,0,0,1.5,1,1.5,1,8.146034E-08,0,0
17,floor_tile_large (11),0,7.22,-0.6500015,-0.25,9.334668E-06,0,0,2,1,2,1,8.146034E-08,0,0
17,floor_tile_large (22),0,15.21,-0.6500015,-0.2300034,9.334668E-06,0,0,2,1,2,1,8.146034E-08,0,0
17,floor_tile_large (27),0,22.8,3.330002,-4.260002,9.334668E-06,0,0,2,1,2,1,8.146034E-08,0,0
17,floor_tile_large (25),0,22.79,3.330002,3.739998,9.334668E-06,0,0,2,1,2,1,8.146034E-08,0,0
17,floor_tile_large (32),0,22.75,3.330002,11.72,9.334668E-06,0,0,2,1,2,1,8.146034E-08,0,0
1,stairs_walled,0,19.04,-0.5899963,-0.2300034,0,270,0,1.6,1,1,0.7071068,0,-0.7071068,0
1,stairs_walled (1),0,19.04,-0.5899963,14.87,0,270,0,1,1,1,0.7071068,0,-0.7071068,0
9,floor_foundation_allsides,0,19.93,1.339996,-5.949997,9.334668E-06,0,0,1,1,2.09,1,8.146034E-08,0,0
9,floor_foundation_allsides (1),0,21.92,1.339996,-5.949997,9.334668E-06,0,0,1,1,2.09,1,8.146034E-08,0,0
9,floor_foundation_allsides (2),0,23.86,1.339996,-5.949997,9.334668E-06,0,0,1,1,2.09,1,8.146034E-08,0,0
9,floor_foundation_allsides (3),0,25.6,1.339996,-5.949997,9.334668E-06,0,0,1.06,1,2.09,1,8.146034E-08,0,0
9,floor_foundation_allsides (4),0,19.93,1.339996,-2.010002,9.334668E-06,0,0,1,1,2,1,8.146034E-08,0,0
9,floor_foundation_allsides (5),0,21.92,1.339996,-2.010002,9.334668E-06,0,0,1,1,2,1,8.146034E-08,0,0
9,floor_foundation_allsides (6),0,23.86,1.339996,-2.010002,9.334668E-06,0,0,1,1,2,1,8.146034E-08,0,0
9,floor_foundation_allsides (7),0,25.6,1.339996,-2,9.334668E-06,0,0,1.06,1,2,1,8.146034E-08,0,0
9,floor_foundation_allsides (8),0,19.93,1.339996,1.860001,9.334668E-06,0,0,1,1,2,1,8.146034E-08,0,0
9,floor_foundation_allsides (9),0,21.92,1.339996,1.860001,9.334668E-06,0,0,1,1,2,1,8.146034E-08,0,0
9,floor_foundation_allsides (10),0,23.86,1.339996,1.860001,9.334668E-06,0,0,1,1,2,1,8.146034E-08,0,0
9,floor_foundation_allsides (11),0,25.6,1.339996,1.870003,9.334668E-06,0,0,1.06,1,2,1,8.146034E-08,0,0
9,floor_foundation_allsides (12),0,19.93,1.339996,5.730003,9.334668E-06,0,0,1,1,2,1,8.146034E-08,0,0
9,floor_foundation_allsides (19),0,25.61,1.339996,9.720001,9.334668E-06,0,0,1.06,1,2,1,8.146034E-08,0,0
9,floor_foundation_allsides (23),0,19.93,1.339996,13.59,9.334668E-06,0,0,1,1,2,1,8.146034E-08,0,0
9,floor_foundation_allsides (22),0,21.92,1.339996,13.59,9.334668E-06,0,0,1,1,2,1,8.146034E-08,0,0
9,floor_foundation_allsides (21),0,23.86,1.339996,13.59,9.334668E-06,0,0,1,1,2,1,8.146034E-08,0,0
9,floor_foundation_allsides (20),0,25.61,1.339996,13.6,9.334668E-06,0,0,1.06,1,2,1,8.146034E-08,0,0
9,floor_foundation_allsides (27),0,25.61,1.339996,17.24,9.334668E-06,0,0,1.06,1,2,1,8.146034E-08,0,0
9,floor_foundation_allsides (26),0,23.86,1.339996,17.23,9.334668E-06,0,0,1,1,2,1,8.146034E-08,0,0
9,floor_foundation_allsides (25),0,21.92,1.339996,17.23,9.334668E-06,0,0,1,1,2,1,8.146034E-08,0,0
9,floor_foundation_allsides (24),0,19.93,1.339996,17.23,9.334668E-06,0,0,1,1,2,1,8.146034E-08,0,0
9,floor_foundation_allsides (31),0,19.93,1.339996,21.16,9.334668E-06,0,0,1,1,2,1,8.146034E-08,0,0
9,floor_foundation_allsides (30),0,21.92,1.339996,21.16,9.334668E-06,0,0,1,1,2,1,8.146034E-08,0,0
9,floor_foundation_allsides (29),0,23.86,1.339996,21.16,9.334668E-06,0,0,1,1,2,1,8.146034E-08,0,0
9,floor_foundation_allsides (28),0,25.61,1.339996,21.17,9.334668E-06,0,0,1.06,1,2,1,8.146034E-08,0,0
9,floor_foundation_allsides (35),0,25.54,1.339996,25.12,9.334668E-06,0,0,1,1,2,1,8.146034E-08,0,0
9,floor_foundation_allsides (34),0,23.86,1.339996,25.11,9.334668E-06,0,0,1,1,2,1,8.146034E-08,0,0
9,floor_foundation_allsides (33),0,21.92,1.339996,25.11,9.334668E-06,0,0,1,1,2,1,8.146034E-08,0,0
9,floor_foundation_allsides (32),0,19.93,1.339996,25.11,9.334668E-06,0,0,1,1,2,1,8.146034E-08,0,0
9,floor_foundation_allsides (56),0,15.94,1.346397,25.3,9.334668E-06,0,0,1,1,1.82,1,8.146034E-08,0,0
9,floor_foundation_allsides (61),0,17.91,1.339996,32.18,9.334668E-06,0,0,1,1,2,1,8.146034E-08,0,0
9,floor_foundation_allsides (60),0,17.91,1.339996,28.63,9.334668E-06,0,0,1,1,2,1,8.146034E-08,0,0
9,floor_foundation_allsides (59),0,17.91,1.346397,25.3,9.334668E-06,0,0,1,1,1.82,1,8.146034E-08,0,0
9,floor_foundation_allsides (57),0,15.94,1.339996,28.63,9.334668E-06,0,0,1,1,2,1,8.146034E-08,0,0
9,floor_foundation_allsides (58),0,15.94,1.339996,32.71,9.334668E-06,0,0,1,1,2,1,8.146034E-08,0,0
9,floor_foundation_allsides (47),0,19.93,1.339996,28.63,9.334668E-06,0,0,1,1,2,1,8.146034E-08,0,0
9,floor_foundation_allsides (55),0,25.54,1.339996,32.19,9.334668E-06,0,0,1,1,2,1,8.146034E-08,0,0
9,floor_foundation_allsides (329),0,19.93,1.339996,35.45,9.334668E-06,0,0,1,1,2,1,8.146034E-08,0,0
9,floor_foundation_allsides (328),0,21.92,1.339996,35.45,9.334668E-06,0,0,1,1,2,1,8.146034E-08,0,0
9,floor_foundation_allsides (327),0,23.86,1.339996,35.45,9.334668E-06,0,0,1,1,2,1,8.146034E-08,0,0
9,floor_foundation_allsides (106),0,25.54,1.339996,35.46,9.334668E-06,0,0,1,1,2,1,8.146034E-08,0,0
9,floor_foundation_allsides (54),0,23.86,1.339996,32.18,9.334668E-06,0,0,1,1,2,1,8.146034E-08,0,0
9,floor_foundation_allsides (53),0,21.92,1.339996,32.18,9.334668E-06,0,0,1,1,2,1,8.146034E-08,0,0
9,floor_foundation_allsides (52),0,19.93,1.339996,32.18,9.334668E-06,0,0,1,1,2,1,8.146034E-08,0,0
9,floor_foundation_allsides (46),0,21.92,1.339996,28.63,9.334668E-06,0,0,1,1,2,1,8.146034E-08,0,0
9,floor_foundation_allsides (45),0,23.86,1.339996,28.63,9.334668E-06,0,0,1,1,2,1,8.146034E-08,0,0
9,floor_foundation_allsides (44),0,25.54,1.339996,28.64,9.334668E-06,0,0,1,1,2,1,8.146034E-08,0,0
9,floor_foundation_allsides (39),0,33.43,1.339996,25.34,9.334668E-06,0,0,1.14,1,1.77,1,8.146034E-08,0,0
9,floor_foundation_allsides (43),0,27.67,1.339996,28.89,9.334668E-06,0,0,1,1,1.77,1,8.146034E-08,0,0
9,floor_foundation_allsides (42),0,29.66,1.339996,28.89,9.334668E-06,0,0,1,1,1.77,1,8.146034E-08,0,0
9,floor_foundation_allsides (41),0,31.6,1.339996,28.89,9.334668E-06,0,0,1,1,1.77,1,8.146034E-08,0,0
9,floor_foundation_allsides (40),0,33.43,1.339996,28.9,9.334668E-06,0,0,1.14,1,1.77,1,8.146034E-08,0,0
9,floor_foundation_allsides (38),0,31.6,1.339996,25.33,9.334668E-06,0,0,1,1,1.77,1,8.146034E-08,0,0
9,floor_foundation_allsides (37),0,29.66,1.339996,25.33,9.334668E-06,0,0,1,1,1.77,1,8.146034E-08,0,0
9,floor_foundation_allsides (36),0,27.67,1.339996,25.33,9.334668E-06,0,0,1,1,1.77,1,8.146034E-08,0,0
9,floor_foundation_allsides (51),0,27.67,1.339996,32.43,9.334668E-06,0,0,1,1,1.77,1,8.146034E-08,0,0
9,floor_foundation_allsides (50),0,29.66,1.339996,32.43,9.334668E-06,0,0,1,1,1.77,1,8.146034E-08,0,0
9,floor_foundation_allsides (49),0,31.6,1.339996,32.43,9.334668E-06,0,0,1,1,1.77,1,8.146034E-08,0,0
9,floor_foundation_allsides (48),0,33.28,1.339996,32.44,9.334668E-06,0,0,1,1,1.77,1,8.146034E-08,0,0
9,floor_foundation_allsides (83),0,27.67,1.339996,36.36,9.334668E-06,0,0,1,1,1.77,1,8.146034E-08,0,0
9,floor_foundation_allsides (82),0,29.66,1.339996,36.36,9.334668E-06,0,0,1,1,1.77,1,8.146034E-08,0,0
9,floor_foundation_allsides (81),0,31.6,1.339996,36.36,9.334668E-06,0,0,1,1,1.77,1,8.146034E-08,0,0
9,floor_foundation_allsides (76),0,33.28,1.339996,36.37,9.334668E-06,0,0,1,1,1.77,1,8.146034E-08,0,0
9,floor_foundation_allsides (80),0,33.28,1.339996,39.93,9.334668E-06,0,0,1,1,1.77,1,8.146034E-08,0,0
9,floor_foundation_allsides (79),0,31.6,1.339996,39.92,9.334668E-06,0,0,1,1,1.77,1,8.146034E-08,0,0
9,floor_foundation_allsides (78),0,29.66,1.339996,39.92,9.334668E-06,0,0,1,1,1.77,1,8.146034E-08,0,0
9,floor_foundation_allsides (77),0,27.67,1.339996,39.92,9.334668E-06,0,0,1,1,1.77,1,8.146034E-08,0,0
9,floor_foundation_allsides (75),0,25.54,1.339996,39.67,9.334668E-06,0,0,1,1,2,1,8.146034E-08,0,0
9,floor_foundation_allsides (74),0,23.86,1.339996,39.66,9.334668E-06,0,0,1,1,2,1,8.146034E-08,0,0
9,floor_foundation_allsides (73),0,21.92,1.339996,39.66,9.334668E-06,0,0,1,1,2,1,8.146034E-08,0,0
9,floor_foundation_allsides (68),0,19.93,1.339996,39.66,9.334668E-06,0,0,1,1,2,1,8.146034E-08,0,0
9,floor_foundation_allsides (87),0,33.28,1.339996,43.47,9.334668E-06,0,0,1,1,1.77,1,8.146034E-08,0,0
9,floor_foundation_allsides (105),0,17.91,1.339996,46.7,9.334668E-06,0,0,1,1,2,1,8.146034E-08,0,0
9,floor_foundation_allsides (103),0,15.94,1.339996,46.7,9.334668E-06,0,0,1,1,2,1,8.146034E-08,0,0
9,floor_foundation_allsides (102),0,25.62,1.339996,46.71,9.334668E-06,0,0,1.07,1,2,1,8.146034E-08,0,0
9,floor_foundation_allsides (101),0,23.86,1.339996,46.7,9.334668E-06,0,0,1,1,2,1,8.146034E-08,0,0
9,floor_foundation_allsides (100),0,21.92,1.339996,46.7,9.334668E-06,0,0,1,1,2,1,8.146034E-08,0,0
9,floor_foundation_allsides (99),0,19.93,1.339996,46.7,9.334668E-06,0,0,1,1,2,1,8.146034E-08,0,0
9,floor_foundation_allsides (98),0,27.67,1.339996,46.95,9.334668E-06,0,0,1,1,1.77,1,8.146034E-08,0,0
9,floor_foundation_allsides (97),0,29.66,1.339996,46.95,9.334668E-06,0,0,1,1,1.77,1,8.146034E-08,0,0
9,floor_foundation_allsides (96),0,31.6,1.339996,46.95,9.334668E-06,0,0,1,1,1.77,1,8.146034E-08,0,0
9,floor_foundation_allsides (95),0,33.28,1.339996,46.96,9.334668E-06,0,0,1,1,1.77,1,8.146034E-08,0,0
9,floor_foundation_allsides (121),0,33.28,1.339996,50.63,9.334668E-06,0,0,1,1,1.914,1,8.146034E-08,0,0
9,floor_foundation_allsides (131),0,17.91,1.339996,54.37,9.334668E-06,0,0,1,1,2,1,8.146034E-08,0,0
9,floor_foundation_allsides (130),0,15.94,1.339996,54.37,9.334668E-06,0,0,1,1,2,1,8.146034E-08,0,0
9,floor_foundation_allsides (129),0,25.62,1.339996,54.38,9.334668E-06,0,0,1.07,1,2,1,8.146034E-08,0,0
9,floor_foundation_allsides (128),0,23.86,1.339996,54.37,9.334668E-06,0,0,1,1,2,1,8.146034E-08,0,0
9,floor_foundation_allsides (127),0,21.92,1.339996,54.37,9.334668E-06,0,0,1,1,2,1,8.146034E-08,0,0
9,floor_foundation_allsides (126),0,19.93,1.339996,54.37,9.334668E-06,0,0,1,1,2,1,8.146034E-08,0,0
9,floor_foundation_allsides (146),0,24.58,3.300003,51.45,9.334668E-06,0,0,1.89,2,2,1,8.146034E-08,0,0
9,floor_foundation_allsides (147),0,24.58,3.300003,55.42,9.334668E-06,0,0,1.89,2,2,1,8.146034E-08,0,0
9,floor_foundation_allsides (149),0,28.14,3.300003,51.45,9.334668E-06,0,0,1.89,2,2,1,8.146034E-08,0,0
9,floor_foundation_allsides (152),0,31.81,3.300003,51.45,9.334668E-06,0,0,1.89,2,2,1,8.146034E-08,0,0
9,floor_foundation_allsides (153),0,31.81,3.300003,55.42,9.334668E-06,0,0,1.89,2,2,1,8.146034E-08,0,0
9,floor_foundation_allsides (154),0,31.81,3.300003,58.1,9.334668E-06,0,0,1.89,2,2,1,8.146034E-08,0,0
9,floor_foundation_allsides (150),0,28.14,3.300003,55.42,9.334668E-06,0,0,1.89,2,2,1,8.146034E-08,0,0
9,floor_foundation_allsides (151),0,28.14,3.300003,58.1,9.334668E-06,0,0,1.89,2,2,1,8.146034E-08,0,0
9,floor_foundation_allsides (148),0,24.58,3.300003,58.1,9.334668E-06,0,0,1.89,2,2,1,8.146034E-08,0,0
9,floor_foundation_allsides (125),0,27.67,1.339996,54.46,9.334668E-06,0,0,1,1,1.91,1,8.146034E-08,0,0
9,floor_foundation_allsides (124),0,29.66,1.339996,54.46,9.334668E-06,0,0,1,1,1.91,1,8.146034E-08,0,0
9,floor_foundation_allsides (123),0,31.6,1.339996,54.46,9.334668E-06,0,0,1,1,1.91,1,8.146034E-08,0,0
9,floor_foundation_allsides (122),0,33.28,1.339996,54.47,9.334668E-06,0,0,1,1,1.91,1,8.146034E-08,0,0
9,floor_foundation_allsides (141),0,33.28,1.339996,58.28,9.334668E-06,0,0,1,1,1.91,1,8.146034E-08,0,0
9,floor_foundation_allsides (195),0,25.62,1.339996,62.19,9.334668E-06,0,0,1.07,1,2,1,8.146034E-08,0,0
9,floor_foundation_allsides (194),0,23.86,1.339996,62.18,9.334668E-06,0,0,1,1,2,1,8.146034E-08,0,0
9,floor_foundation_allsides (193),0,21.92,1.339996,62.18,9.334668E-06,0,0,1,1,2,1,8.146034E-08,0,0
9,floor_foundation_allsides (192),0,19.93,1.339996,62.18,9.334668E-06,0,0,1,1,2,1,8.146034E-08,0,0
9,floor_foundation_allsides (191),0,27.67,1.339996,62.27,9.334668E-06,0,0,1,1,1.91,1,8.146034E-08,0,0
9,floor_foundation_allsides (190),0,29.66,1.339996,62.27,9.334668E-06,0,0,1,1,1.91,1,8.146034E-08,0,0
9,floor_foundation_allsides (189),0,31.6,1.339996,62.27,9.334668E-06,0,0,1,1,1.91,1,8.146034E-08,0,0
9,floor_foundation_allsides (188),0,33.28,1.339996,62.28,9.334668E-06,0,0,1,1,1.914,1,8.146034E-08,0,0
9,floor_foundation_allsides (198),0,13.01,1.339996,62.18,9.334668E-06,0,0,1.91,1,2,1,8.146034E-08,0,0
9,floor_foundation_allsides (197),0,15.94,1.339996,62.18,9.334668E-06,0,0,1,1,2,1,8.146034E-08,0,0
9,floor_foundation_allsides (196),0,17.91,1.339996,62.18,9.334668E-06,0,0,1,1,2,1,8.146034E-08,0,0
9,floor_foundation_allsides (140),0,31.6,1.339996,58.27,9.334668E-06,0,0,1,1,1.91,1,8.146034E-08,0,0
9,floor_foundation_allsides (139),0,29.66,1.339996,58.27,9.334668E-06,0,0,1,1,1.91,1,8.146034E-08,0,0
9,floor_foundation_allsides (138),0,27.67,1.339996,58.27,9.334668E-06,0,0,1,1,1.91,1,8.146034E-08,0,0
9,floor_foundation_allsides (137),0,19.93,1.339996,58.18,9.334668E-06,0,0,1,1,2,1,8.146034E-08,0,0
9,floor_foundation_allsides (136),0,21.92,1.339996,58.18,9.334668E-06,0,0,1,1,2,1,8.146034E-08,0,0
9,floor_foundation_allsides (135),0,23.86,1.339996,58.18,9.334668E-06,0,0,1,1,2,1,8.146034E-08,0,0
9,floor_foundation_allsides (134),0,25.62,1.339996,58.19,9.334668E-06,0,0,1.07,1,2,1,8.146034E-08,0,0
9,floor_foundation_allsides (133),0,15.94,1.339996,58.18,9.334668E-06,0,0,1,1,2,1,8.146034E-08,0,0
9,floor_foundation_allsides (144),0,13.01,1.339996,50.52,9.334668E-06,0,0,1.91,1,2,1,8.146034E-08,0,0
9,floor_foundation_allsides (142),0,13.01,1.339996,54.37,9.334668E-06,0,0,1.91,1,2,1,8.146034E-08,0,0
9,floor_foundation_allsides (143),0,13.01,1.339996,58.18,9.334668E-06,0,0,1.91,1,2,1,8.146034E-08,0,0
9,floor_foundation_allsides (132),0,17.91,1.339996,58.18,9.334668E-06,0,0,1,1,2,1,8.146034E-08,0,0
9,floor_foundation_allsides (187),0,17.91,1.339996,58.18,9.334668E-06,0,0,1,1,2,1,8.146034E-08,0,0
9,floor_foundation_allsides (185),0,15.94,1.339996,58.18,9.334668E-06,0,0,1,1,2,1,8.146034E-08,0,0
9,floor_foundation_allsides (186),0,13.01,1.339996,58.18,9.334668E-06,0,0,1.91,1,2,1,8.146034E-08,0,0
9,floor_foundation_allsides (120),0,31.6,1.339996,50.62,9.334668E-06,0,0,1,1,1.91,1,8.146034E-08,0,0
9,floor_foundation_allsides (119),0,29.66,1.339996,50.62,9.334668E-06,0,0,1,1,1.91,1,8.146034E-08,0,0
9,floor_foundation_allsides (118),0,27.67,1.339996,50.62,9.334668E-06,0,0,1,1,1.91,1,8.146034E-08,0,0
9,floor_foundation_allsides (117),0,19.93,1.339996,50.52,9.334668E-06,0,0,1,1,2,1,8.146034E-08,0,0
9,floor_foundation_allsides (116),0,21.92,1.339996,50.52,9.334668E-06,0,0,1,1,2,1,8.146034E-08,0,0
9,floor_foundation_allsides (115),0,23.86,1.339996,50.52,9.334668E-06,0,0,1,1,2,1,8.146034E-08,0,0
9,floor_foundation_allsides (114),0,25.6,1.339996,50.52,9.334668E-06,0,0,1.07,1,2,1,8.146034E-08,0,0
9,floor_foundation_allsides (113),0,15.94,1.339996,50.52,9.334668E-06,0,0,1,1,2,1,8.146034E-08,0,0
9,floor_foundation_allsides (112),0,17.91,1.339996,50.52,9.334668E-06,0,0,1,1,2,1,8.146034E-08,0,0
9,floor_foundation_allsides (104),0,13.06,1.339996,46.66,9.334668E-06,0,0,1.958,1,2,1,8.146034E-08,0,0
9,floor_foundation_allsides (86),0,31.6,1.339996,43.46,9.334668E-06,0,0,1,1,1.77,1,8.146034E-08,0,0
9,floor_foundation_allsides (85),0,29.66,1.339996,43.46,9.334668E-06,0,0,1,1,1.77,1,8.146034E-08,0,0
9,floor_foundation_allsides (84),0,27.67,1.339996,43.46,9.334668E-06,0,0,1,1,1.77,1,8.146034E-08,0,0
9,floor_foundation_allsides (72),0,19.93,1.339996,43.21,9.334668E-06,0,0,1,1,2,1,8.146034E-08,0,0
9,floor_foundation_allsides (71),0,21.92,1.339996,43.21,9.334668E-06,0,0,1,1,2,1,8.146034E-08,0,0
9,floor_foundation_allsides (70),0,23.86,1.339996,43.21,9.334668E-06,0,0,1,1,2,1,8.146034E-08,0,0
9,floor_foundation_allsides (69),0,25.6,1.339996,43.22,9.334668E-06,0,0,1,1,2,1,8.146034E-08,0,0
9,floor_foundation_allsides (67),0,15.94,1.339996,43.21,9.334668E-06,0,0,1,1,2,1,8.146034E-08,0,0
9,floor_foundation_allsides (90),0,13.06,1.339996,32.69,9.334668E-06,0,0,1.95,1,2,1,8.146034E-08,0,0
9,floor_foundation_allsides (89),0,13.06,1.339996,28.62,9.334668E-06,0,0,1.95,0.99,1.99,1,8.146034E-08,0,0
9,floor_foundation_allsides (88),0,13.06,1.339996,25.29,9.334668E-06,0,0,1.95,0.99,1.82,1,8.146034E-08,0,0
9,floor_foundation_allsides (94),0,13.96,1.346397,25.3,9.334668E-06,0,0,1,1,1.82,1,8.146034E-08,0,0
9,floor_foundation_allsides (93),0,13.0646,1.346397,36.3076,9.334668E-06,0,0,1.95,1,1.82,1,8.146034E-08,0,0
9,floor_foundation_allsides (92),0,13.0646,1.339996,39.6318,9.334668E-06,0,0,1.95,1,2,1,8.146034E-08,0,0
9,floor_foundation_allsides (91),0,13.0646,1.339996,43.1757,9.334668E-06,0,0,1.95,1,2,1,8.146034E-08,0,0
9,floor_foundation_allsides (66),0,15.94,1.339996,39.66,9.334668E-06,0,0,1,1,2,1,8.146034E-08,0,0
9,floor_foundation_allsides (62),0,15.94,1.346397,36.33,9.334668E-06,0,0,1,1,2,1,8.146034E-08,0,0
9,floor_foundation_allsides (65),0,17.91,1.346397,36.33,9.334668E-06,0,0,1,1,1.82,1,8.146034E-08,0,0
9,floor_foundation_allsides (64),0,17.91,1.339996,39.66,9.334668E-06,0,0,1,1,2,1,8.146034E-08,0,0
9,floor_foundation_allsides (63),0,17.91,1.339996,43.21,9.334668E-06,0,0,1,1,2,1,8.146034E-08,0,0
9,floor_foundation_allsides (18),0,23.86,1.339996,9.709999,9.334668E-06,0,0,1,1,2,1,8.146034E-08,0,0
9,floor_foundation_allsides (17),0,21.92,1.339996,9.709999,9.334668E-06,0,0,1,1,2,1,8.146034E-08,0,0
9,floor_foundation_allsides (16),0,19.93,1.339996,9.709999,9.334668E-06,0,0,1,1,2,1,8.146034E-08,0,0
9,floor_foundation_allsides (13),0,21.92,1.339996,5.730003,9.334668E-06,0,0,1,1,2,1,8.146034E-08,0,0
9,floor_foundation_allsides (14),0,23.86,1.339996,5.730003,9.334668E-06,0,0,1,1,2,1,8.146034E-08,0,0
9,floor_foundation_allsides (15),0,25.61,1.339996,5.739998,9.334668E-06,0,0,1.06,1,2,1,8.146034E-08,0,0
6,wall_corner,0,11.54,3.419998,31.24,9.334668E-06,0,0,1.13,2,1,1,8.146034E-08,0,0
6,wall_corner (2),0,33.8849,3.419998,31.24,0,270,0,1,2,1.13,0.7071068,0,-0.7071068,0
6,wall_corner (1),0,11.58,3.419998,42.96,0,90,0,1,2,1.13,0.7071068,0,0.7071068,0
6,wall_corner (3),0,33.87,3.419998,42.96,0,180,0,1.13,2,1,0,0,1,0
8,wall,0,11.57,3.419998,35.15,0,90,0,1,2,1.13,0.7071068,0,0.7071068,0
8,wall (3),0,15.9,3.419998,31.23,0,0,0,1.13,2,1,1,0,0,0
8,wall (9),0,16.82,3.419998,31.23,0,0,0,1,2,1,1,0,0,0
8,wall (8),0,15.9,3.419998,42.95,0,0,0,1.13,2,1,1,0,0,0
8,wall (4),0,29.39,3.419998,31.23,0,0,0,1.13,2,1,1,0,0,0
8,wall (7),0,29.39,3.419998,42.95,0,0,0,1.13,2,1,1,0,0,0
8,wall (2),0,11.57,3.419998,38.98,0,90,0,1,2,1.13,0.7071068,0,0.7071068,0
8,wall (5),0,33.8622,3.419998,35.15,0,90,0,1,2,1.13,0.7071068,0,0.7071068,0
8,wall (6),0,33.86,3.419998,38.98,0,90,0,1,2,1.13,0.7071068,0,0.7071068,0
4,wall_open_scaffold,0,22.64,3.529999,31.24,9.334668E-06,0,0,2.62,1.97,0.9,1,8.146034E-08,0,0
4,wall_open_scaffold (1),0,22.64,3.540001,42.94,9.334668E-06,0,0,2.62,1.97,0.9,1,8.146034E-08,0,0
9,floor_foundation_allsides (110),0,20.83,3.300003,51.45,9.334668E-06,0,0,1.89,2,2,1,8.146034E-08,0,0
9,floor_foundation_allsides (111),0,20.83,3.300003,55.42,9.334668E-06,0,0,1.89,2,2,1,8.146034E-08,0,0
9,floor_foundation_allsides (145),0,20.83,3.300003,58.34,9.334668E-06,0,0,1.89,2,2.22,1,8.146034E-08,0,0
9,floor_foundation_allsides (167),0,20.83,3.300003,58.1,9.334668E-06,0,0,1.89,2,2,1,8.146034E-08,0,0
9,floor_foundation_allsides (166),0,20.83,3.300003,55.42,9.334668E-06,0,0,1.89,2,2,1,8.146034E-08,0,0
9,floor_foundation_allsides (165),0,20.83,3.300003,51.45,9.334668E-06,0,0,1.8948,2,2,1,8.146034E-08,0,0
9,floor_foundation_allsides (163),0,24.58,3.300003,58.1,9.334668E-06,0,0,1.89,2,2,1,8.146034E-08,0,0
9,floor_foundation_allsides (156),0,24.58,3.300003,55.42,9.334668E-06,0,0,1.89,2,2,1,8.146034E-08,0,0
9,floor_foundation_allsides (155),0,24.58,3.300003,51.45,9.334668E-06,0,0,1.89,2,2,1,8.146034E-08,0,0
9,floor_foundation_allsides (162),0,28.14,3.300003,58.1,9.334668E-06,0,0,1.89,2,2,1,8.146034E-08,0,0
9,floor_foundation_allsides (161),0,28.14,3.300003,55.42,9.334668E-06,0,0,1.89,2,2,1,8.146034E-08,0,0
9,floor_foundation_allsides (157),0,28.14,3.300003,51.45,9.334668E-06,0,0,1.89,2,2,1,8.146034E-08,0,0
9,floor_foundation_allsides (160),0,31.81,3.300003,58.1,9.334668E-06,0,0,1.89,2,2,1,8.146034E-08,0,0
9,floor_foundation_allsides (184),0,31.81,7.260002,51.45,9.334668E-06,0,0,1.89,2,2,1,8.146034E-08,0,0
9,floor_foundation_allsides (183),0,31.81,7.260002,55.42,9.334668E-06,0,0,1.89,2,2,1,8.146034E-08,0,0
9,floor_foundation_allsides (182),0,31.81,7.260002,58.1,9.334668E-06,0,0,1.89,2,2,1,8.146034E-08,0,0
9,floor_foundation_allsides (181),0,28.1435,7.260002,51.45,9.334668E-06,0,0,1.89,2,2,1,8.146034E-08,0,0
9,floor_foundation_allsides (180),0,28.14,7.260002,55.42,9.334668E-06,0,0,1.89,2,2,1,8.146034E-08,0,0
9,floor_foundation_allsides (179),0,28.14,7.260002,58.1,9.334668E-06,0,0,1.89,2,2,1,8.146034E-08,0,0
9,floor_foundation_allsides (269),0,31.81,3.300003,77.83,9.334668E-06,0,0,1.89,2,2,1,8.146034E-08,0,0
9,floor_foundation_allsides (268),0,28.14,3.300003,77.83,9.334668E-06,0,0,1.89,2,2,1,8.146034E-08,0,0
9,floor_foundation_allsides (267),0,24.58,3.300003,77.83,9.334668E-06,0,0,1.89,2,2,1,8.146034E-08,0,0
9,floor_foundation_allsides (302),0,31.81,7.260002,73.5,9.334668E-06,0,0,1.89,2,2,1,8.146034E-08,0,0
9,floor_foundation_allsides (301),0,28.14,7.260002,73.5,9.334668E-06,0,0,1.89,2,2,1,8.146034E-08,0,0
9,floor_foundation_allsides (300),0,24.58,7.260002,73.5,9.334668E-06,0,0,1.89,2,2,1,8.146034E-08,0,0
9,floor_foundation_allsides (299),0,20.83,7.260002,73.5,9.334668E-06,0,0,1.89,2,2,1,8.146034E-08,0,0
9,floor_foundation_allsides (298),0,20.83,3.300003,73.5,9.334668E-06,0,0,1.89,2,2,1,8.146034E-08,0,0
9,floor_foundation_allsides (297),0,24.58,3.300003,73.5,9.334668E-06,0,0,1.89,2,2,1,8.146034E-08,0,0
9,floor_foundation_allsides (296),0,28.14,3.300003,73.5,9.334668E-06,0,0,1.89,2,2,1,8.146034E-08,0,0
9,floor_foundation_allsides (295),0,31.81,3.300003,73.5,9.334668E-06,0,0,1.89,2,2,1,8.146034E-08,0,0
9,floor_foundation_allsides (266),0,20.83,3.300003,77.83,9.334668E-06,0,0,1.89,2,2,1,8.146034E-08,0,0
9,floor_foundation_allsides (265),0,17.08,3.300003,77.83,9.334668E-06,0,0,1.89,2,2,1,8.146034E-08,0,0
9,floor_foundation_allsides (289),0,17.08,3.300003,85.23,9.334668E-06,0,0,1.89,2,2,1,8.146034E-08,0,0
9,floor_foundation_allsides (288),0,20.83,3.300003,85.23,9.334668E-06,0,0,1.89,2,2,1,8.146034E-08,0,0
9,floor_foundation_allsides (287),0,24.58,3.300003,85.23,9.334668E-06,0,0,1.89,2,2,1,8.146034E-08,0,0
9,floor_foundation_allsides (286),0,28.14,3.300003,85.23,9.334668E-06,0,0,1.89,2,2,1,8.146034E-08,0,0
9,floor_foundation_allsides (285),0,31.81,3.300003,85.23,9.334668E-06,0,0,1.89,2,2,1,8.146034E-08,0,0
9,floor_foundation_allsides (279),0,17.08,3.300003,81.78,9.334668E-06,0,0,1.89,2,2,1,8.146034E-08,0,0
9,floor_foundation_allsides (278),0,20.83,3.300003,81.78,9.334668E-06,0,0,1.89,2,2,1,8.146034E-08,0,0
9,floor_foundation_allsides (277),0,24.58,3.300003,81.78,9.334668E-06,0,0,1.89,2,2,1,8.146034E-08,0,0
9,floor_foundation_allsides (276),0,28.14,3.300003,81.78,9.334668E-06,0,0,1.89,2,2,1,8.146034E-08,0,0
9,floor_foundation_allsides (275),0,31.81,3.300003,81.78,9.334668E-06,0,0,1.89,2,2,1,8.146034E-08,0,0
9,floor_foundation_allsides (178),0,24.58,7.260002,51.45,9.334668E-06,0,0,1.89,2,2,1,8.146034E-08,0,0
9,floor_foundation_allsides (177),0,24.58,7.260002,55.42,9.334668E-06,0,0,1.89,2,2,1,8.146034E-08,0,0
9,floor_foundation_allsides (176),0,24.58,7.260002,58.1,9.334668E-06,0,0,1.89,2,2,1,8.146034E-08,0,0
9,floor_foundation_allsides (175),0,20.83,7.260002,51.45,9.334668E-06,0,0,1.89,2,2,1,8.146034E-08,0,0
9,floor_foundation_allsides (174),0,20.83,7.260002,55.42,9.334668E-06,0,0,1.89,2,2,1,8.146034E-08,0,0
9,floor_foundation_allsides (173),0,20.83,7.260002,58.28,9.334668E-06,0,0,1.89,2,2.17,1,8.146034E-08,0,0
9,floor_foundation_allsides (159),0,31.81,3.300003,55.42,9.334668E-06,0,0,1.89,2,2,1,8.146034E-08,0,0
9,floor_foundation_allsides (158),0,31.81,3.300003,51.45,9.334668E-06,0,0,1.89,2,2,1,8.146034E-08,0,0
9,floor_foundation_allsides (206),0,25.62,1.339996,66.02,9.334668E-06,0,0,1.07,1,2,1,8.146034E-08,0,0
9,floor_foundation_allsides (205),0,23.86,1.339996,66.01,9.334668E-06,0,0,1,1,2,1,8.146034E-08,0,0
9,floor_foundation_allsides (204),0,21.92,1.339996,66.01,9.334668E-06,0,0,1,1,2,1,8.146034E-08,0,0
9,floor_foundation_allsides (203),0,19.93,1.339996,66.01,9.334668E-06,0,0,1,1,2,1,8.146034E-08,0,0
9,floor_foundation_allsides (318),0,31.81,7.260002,65.9,9.334668E-06,0,0,1.89,2,2,1,8.146034E-08,0,0
9,floor_foundation_allsides (317),0,28.14,7.260002,65.9,9.334668E-06,0,0,1.89,2,2,1,8.146034E-08,0,0
9,floor_foundation_allsides (316),0,24.58,7.260002,65.9,9.334668E-06,0,0,1.89,2,2,1,8.146034E-08,0,0
9,floor_foundation_allsides (315),0,20.83,7.260002,65.9,9.334668E-06,0,0,1.89,2,2,1,8.146034E-08,0,0
9,floor_foundation_allsides (314),0,20.83,3.300003,65.9,9.334668E-06,0,0,1.89,2,2,1,8.146034E-08,0,0
9,floor_foundation_allsides (313),0,24.58,3.300003,65.9,9.334668E-06,0,0,1.89,2,2,1,8.146034E-08,0,0
9,floor_foundation_allsides (312),0,28.14,3.300003,65.9,9.334668E-06,0,0,1.89,2,2,1,8.146034E-08,0,0
9,floor_foundation_allsides (311),0,31.81,3.300003,65.9,9.334668E-06,0,0,1.89,2,2,1,8.146034E-08,0,0
9,floor_foundation_allsides (326),0,31.81,7.260002,62.38,9.334668E-06,0,0,1.89,2,2,1,8.146034E-08,0,0
9,floor_foundation_allsides (325),0,28.14,7.260002,62.38,9.334668E-06,0,0,1.89,2,2,1,8.146034E-08,0,0
9,floor_foundation_allsides (324),0,24.58,7.260002,62.38,9.334668E-06,0,0,1.89,2,2,1,8.146034E-08,0,0
9,floor_foundation_allsides (323),0,20.83,7.260002,62.38,9.334668E-06,0,0,1.89,2,2,1,8.146034E-08,0,0
9,floor_foundation_allsides (322),0,20.83,3.300003,62.38,9.334668E-06,0,0,1.89,2,2,1,8.146034E-08,0,0
9,floor_foundation_allsides (321),0,24.58,3.300003,62.38,9.334668E-06,0,0,1.89,2,2,1,8.146034E-08,0,0
9,floor_foundation_allsides (320),0,28.14,3.300003,62.38,9.334668E-06,0,0,1.89,2,2,1,8.146034E-08,0,0
9,floor_foundation_allsides (319),0,31.81,3.300003,62.38,9.334668E-06,0,0,1.89,2,2,1,8.146034E-08,0,0
9,floor_foundation_allsides (202),0,27.67,1.339996,66.11,9.334668E-06,0,0,1,1,1.914,1,8.146034E-08,0,0
9,floor_foundation_allsides (201),0,29.66,1.339996,66.1,9.334668E-06,0,0,1,1,1.91,1,8.146034E-08,0,0
9,floor_foundation_allsides (200),0,31.6,1.339996,66.11,9.334668E-06,0,0,1,1,1.91,1,8.146034E-08,0,0
9,floor_foundation_allsides (199),0,33.28,1.339996,66.12,9.334668E-06,0,0,1,1,1.91,1,8.146034E-08,0,0
9,floor_foundation_allsides (217),0,25.62,1.339996,69.74,9.334668E-06,0,0,1.07,1,2,1,8.146034E-08,0,0
9,floor_foundation_allsides (216),0,23.86,1.339996,69.73,9.334668E-06,0,0,1,1,2,1,8.146034E-08,0,0
9,floor_foundation_allsides (215),0,21.92,1.339996,69.73,9.334668E-06,0,0,1,1,2,1,8.146034E-08,0,0
9,floor_foundation_allsides (214),0,19.93,1.339996,69.73,9.334668E-06,0,0,1,1,2,1,8.146034E-08,0,0
9,floor_foundation_allsides (310),0,31.81,7.260002,69.46,9.334668E-06,0,0,1.89,2,2,1,8.146034E-08,0,0
9,floor_foundation_allsides (309),0,28.14,7.260002,69.46,9.334668E-06,0,0,1.89,2,2,1,8.146034E-08,0,0
17,floor_tile_large (85),0,30.29,11.29,70.14,9.334668E-06,0,0,1.8,1,2.78,1,8.146034E-08,0,0
17,floor_tile_large (86),0,22.81,11.29,70.15,9.334668E-06,0,0,2,1,2.78,1,8.146034E-08,0,0
9,floor_foundation_allsides (308),0,24.58,7.260002,69.46,9.334668E-06,0,0,1.89,2,2,1,8.146034E-08,0,0
9,floor_foundation_allsides (307),0,20.83,7.260002,69.46,9.334668E-06,0,0,1.89,2,2,1,8.146034E-08,0,0
9,floor_foundation_allsides (306),0,20.83,3.300003,69.46,9.334668E-06,0,0,1.89,2,2,1,8.146034E-08,0,0
9,floor_foundation_allsides (305),0,24.58,3.300003,69.46,9.334668E-06,0,0,1.89,2,2,1,8.146034E-08,0,0
9,floor_foundation_allsides (304),0,28.14,3.300003,69.46,9.334668E-06,0,0,1.89,2,2,1,8.146034E-08,0,0
9,floor_foundation_allsides (303),0,31.81,3.300003,69.46,9.334668E-06,0,0,1.89,2,2,1,8.146034E-08,0,0
9,floor_foundation_allsides (213),0,27.67,1.339996,69.83,9.334668E-06,0,0,1,1,1.91,1,8.146034E-08,0,0
9,floor_foundation_allsides (212),0,29.66,1.339996,69.83,9.334668E-06,0,0,1,1,1.91,1,8.146034E-08,0,0
9,floor_foundation_allsides (211),0,31.6,1.339996,69.83,9.334668E-06,0,0,1,1,1.91,1,8.146034E-08,0,0
9,floor_foundation_allsides (228),0,25.62,1.339996,73.58,9.334668E-06,0,0,1.07,1,2,1,8.146034E-08,0,0
9,floor_foundation_allsides (227),0,23.86,1.339996,73.57,9.334668E-06,0,0,1,1,2,1,8.146034E-08,0,0
9,floor_foundation_allsides (226),0,21.92,1.339996,73.57,9.334668E-06,0,0,1,1,2,1,8.146034E-08,0,0
9,floor_foundation_allsides (225),0,19.93,1.339996,73.57,9.334668E-06,0,0,1,1,2,1,8.146034E-08,0,0
9,floor_foundation_allsides (224),0,27.67,1.339996,73.66,9.334668E-06,0,0,1,1,1.91,1,8.146034E-08,0,0
9,floor_foundation_allsides (223),0,29.66,1.339996,73.66,9.334668E-06,0,0,1,1,1.91,1,8.146034E-08,0,0
9,floor_foundation_allsides (222),0,31.6,1.339996,73.66,9.334668E-06,0,0,1,1,1.91,1,8.146034E-08,0,0
9,floor_foundation_allsides (221),0,33.28,1.339996,73.67,9.334668E-06,0,0,1,1,1.91,1,8.146034E-08,0,0
9,floor_foundation_allsides (242),0,17.91,1.339996,77.52,9.334668E-06,0,0,1,1,2,1,8.146034E-08,0,0
9,floor_foundation_allsides (241),0,15.94,1.339996,77.52,9.334668E-06,0,0,1,1,2,1,8.146034E-08,0,0
9,floor_foundation_allsides (240),0,13.01,1.339996,77.52,9.334668E-06,0,0,1.91,1,2,1,8.146034E-08,0,0
9,floor_foundation_allsides (239),0,33.28,1.339996,77.62,9.334668E-06,0,0,1,1,1.91,1,8.146034E-08,0,0
9,floor_foundation_allsides (238),0,31.6,1.339996,77.61,9.334668E-06,0,0,1,1,1.91,1,8.146034E-08,0,0
9,floor_foundation_allsides (237),0,29.66,1.339996,77.61,9.334668E-06,0,0,1,1,1.91,1,8.146034E-08,0,0
9,floor_foundation_allsides (236),0,27.67,1.339996,77.61,9.334668E-06,0,0,1,1,1.91,1,8.146034E-08,0,0
9,floor_foundation_allsides (235),0,19.93,1.339996,77.52,9.334668E-06,0,0,1,1,2,1,8.146034E-08,0,0
9,floor_foundation_allsides (234),0,21.92,1.339996,77.52,9.334668E-06,0,0,1,1,2,1,8.146034E-08,0,0
9,floor_foundation_allsides (253),0,17.91,1.339996,81.39,9.334668E-06,0,0,1,1,2,1,8.146034E-08,0,0
9,floor_foundation_allsides (252),0,15.94,1.339996,81.39,9.334668E-06,0,0,1,1,2,1,8.146034E-08,0,0
9,floor_foundation_allsides (251),0,13.01,1.339996,81.39,9.334668E-06,0,0,1.91,1,2,1,8.146034E-08,0,0
9,floor_foundation_allsides (250),0,33.28,1.339996,81.49,9.334668E-06,0,0,1,1,1.91,1,8.146034E-08,0,0
9,floor_foundation_allsides (249),0,31.6,1.339996,81.48,9.334668E-06,0,0,1,1,1.91,1,8.146034E-08,0,0
9,floor_foundation_allsides (248),0,29.66,1.339996,81.48,9.334668E-06,0,0,1,1,1.91,1,8.146034E-08,0,0
9,floor_foundation_allsides (247),0,27.67,1.339996,81.48,9.334668E-06,0,0,1,1,1.91,1,8.146034E-08,0,0
9,floor_foundation_allsides (264),0,17.91,1.339996,85.34,9.334668E-06,0,0,1,1,2,1,8.146034E-08,0,0
9,floor_foundation_allsides (332),0,13.01,1.339996,89.23,9.334668E-06,0,0,1.91,1,2,1,8.146034E-08,0,0
9,floor_foundation_allsides (335),0,12.95,1.339996,93.6,9.334668E-06,0,0,1.85,1,2.35,1,8.146034E-08,0,0
9,floor_foundation_allsides (334),0,15.8,1.339996,93.6,9.334668E-06,0,0,0.97,1,2.35,1,8.146034E-08,0,0
9,floor_foundation_allsides (333),0,17.71,1.339996,93.6,9.334668E-06,0,0,0.97,1,2.35,1,8.146034E-08,0,0
9,floor_foundation_allsides (331),0,15.94,1.339996,89.23,9.334668E-06,0,0,1,1,2,1,8.146034E-08,0,0
9,floor_foundation_allsides (330),0,17.81,1.339996,89.23,9.334668E-06,0,0,0.91,1,2,1,8.146034E-08,0,0
9,floor_foundation_allsides (263),0,15.94,1.339996,85.34,9.334668E-06,0,0,1,1,2,1,8.146034E-08,0,0
9,floor_foundation_allsides (262),0,13.01,1.339996,85.34,9.334668E-06,0,0,1.91,1,2,1,8.146034E-08,0,0
9,floor_foundation_allsides (261),0,33.28,1.339996,85.45,9.334668E-06,0,0,1,1,1.91,1,8.146034E-08,0,0
9,floor_foundation_allsides (260),0,31.6,1.339996,85.44,9.334668E-06,0,0,1,1,1.91,1,8.146034E-08,0,0
9,floor_foundation_allsides (259),0,29.66,1.339996,85.44,9.334668E-06,0,0,1,1,1.91,1,8.146034E-08,0,0
9,floor_foundation_allsides (258),0,27.67,1.339996,85.44,9.334668E-06,0,0,1,1,1.91,1,8.146034E-08,0,0
9,floor_foundation_allsides (257),0,19.93,1.339996,85.34,9.334668E-06,0,0,1,1,2,1,8.146034E-08,0,0
9,floor_foundation_allsides (256),0,21.92,1.339996,85.34,9.334668E-06,0,0,1,1,2,1,8.146034E-08,0,0
9,floor_foundation_allsides (255),0,23.86,1.339996,85.34,9.334668E-06,0,0,1,1,2,1,8.146034E-08,0,0
9,floor_foundation_allsides (254),0,25.62,1.339996,85.35,9.334668E-06,0,0,1.074,1,2,1,8.146034E-08,0,0
9,floor_foundation_allsides (246),0,19.93,1.339996,81.39,9.334668E-06,0,0,1,1,2,1,8.146034E-08,0,0
9,floor_foundation_allsides (245),0,21.92,1.339996,81.39,9.334668E-06,0,0,1,1,2,1,8.146034E-08,0,0
9,floor_foundation_allsides (244),0,23.86,1.339996,81.39,9.334668E-06,0,0,1,1,2,1,8.146034E-08,0,0
9,floor_foundation_allsides (243),0,25.62,1.339996,81.4,9.334668E-06,0,0,1.07,1,2,1,8.146034E-08,0,0
9,floor_foundation_allsides (233),0,23.86,1.339996,77.52,9.334668E-06,0,0,1,1,2,1,8.146034E-08,0,0
9,floor_foundation_allsides (232),0,25.62,1.339996,77.53,9.334668E-06,0,0,1.07,1,2,1,8.146034E-08,0,0
9,floor_foundation_allsides (231),0,13.01,1.339996,73.57,9.334668E-06,0,0,1.91,1,2,1,8.146034E-08,0,0
9,floor_foundation_allsides (230),0,15.94,1.339996,73.57,9.334668E-06,0,0,1,1,2,1,8.146034E-08,0,0
9,floor_foundation_allsides (229),0,17.91,1.339996,73.57,9.334668E-06,0,0,1,1,2,1,8.146034E-08,0,0
9,floor_foundation_allsides (210),0,33.28,1.339996,69.83,9.334668E-06,0,0,1,1,1.914,1,8.146034E-08,0,0
9,floor_foundation_allsides (220),0,13.01,1.339996,69.73,9.334668E-06,0,0,1.91,1,2,1,8.146034E-08,0,0
9,floor_foundation_allsides (219),0,15.94,1.339996,69.73,9.334668E-06,0,0,1,1,2,1,8.146034E-08,0,0
9,floor_foundation_allsides (218),0,17.91,1.339996,69.73,9.334668E-06,0,0,1,1,2,1,8.146034E-08,0,0
9,floor_foundation_allsides (209),0,13.01,1.339996,66,9.334668E-06,0,0,1.91,1,2,1,8.146034E-08,0,0
9,floor_foundation_allsides (336),0,7.12,1.339996,67.03,9.334668E-06,0,0,3.91,1,3.55,1,8.146034E-08,0,0
9,floor_foundation_allsides (337),0,-0.6300001,1.339996,67.03,9.334668E-06,0,0,3.91,1,3.55,1,8.146034E-08,0,0
9,floor_foundation_allsides (339),0,7.12,1.339996,74.62,9.334668E-06,0,0,3.91,1,3.55,1,8.146034E-08,0,0
9,floor_foundation_allsides (340),0,-0.6300001,1.339996,74.62,9.334668E-06,0,0,3.91,1,3.55,1,8.146034E-08,0,0
9,floor_foundation_allsides (342),0,-0.6300001,1.339996,82.2,9.334668E-06,0,0,3.91,1,3.55,1,8.146034E-08,0,0
9,floor_foundation_allsides (344),0,7.1263,1.339996,91.06,9.334668E-06,0,0,3.91,1,4.69,1,8.146034E-08,0,0
9,floor_foundation_allsides (343),0,-0.6300001,1.339996,91.06,9.334668E-06,0,0,3.91,1,4.69,1,8.146034E-08,0,0
9,floor_foundation_allsides (346),0,-1.8,3.32,74.62,9.334668E-06,0,0,2.84,2,3.55,1,8.146034E-08,0,0
9,floor_foundation_allsides (345),0,3.84,3.32,74.62,9.334668E-06,0,0,2.84,2,3.55,1,8.146034E-08,0,0
9,floor_foundation_allsides (350),0,3.84,3.32,82.2,9.334668E-06,0,0,2.84,2,3.55,1,8.146034E-08,0,0
9,floor_foundation_allsides (347),0,-1.8,3.32,82.2,9.334668E-06,0,0,2.84,2,3.55,1,8.146034E-08,0,0
9,floor_foundation_allsides (349),0,-1.8,3.32,91.06,9.334668E-06,0,0,2.84,2,4.69,1,8.146034E-08,0,0
9,floor_foundation_allsides (352),0,-7.63,1.309998,91.06,9.334668E-06,0,0,10.74,3,4.69,1,8.146034E-08,0,0
9,floor_foundation_allsides (354),0,-40.8,1.309998,91.06,9.334668E-06,0,0,9.99,3,4.69,1,8.146034E-08,0,0
9,floor_foundation_allsides (353),0,-24.71,1.309998,91.06,0,90,0,4.75,3,6.35,0.7071068,0,0.7071068,0
9,floor_foundation_allsides (355),0,-56.11,1.309998,90.75,0,90,0,17.06,3,15.56,0.7071068,0,0.7071068,0
9,floor_foundation_allsides (348),0,3.84,3.32,91.06,9.334668E-06,0,0,2.84,2,4.69,1,8.146034E-08,0,0
9,floor_foundation_allsides (341),0,7.12,1.339996,82.2,9.334668E-06,0,0,3.91,1,3.55,1,8.146034E-08,0,0
9,floor_foundation_allsides (338),0,-0.8600001,3.349998,67.06,9.334668E-06,0,0,3.69,2,3.53,1,8.146034E-08,0,0
9,floor_foundation_allsides (208),0,15.94,1.339996,66.01,9.334668E-06,0,0,1,1,2,1,8.146034E-08,0,0
9,floor_foundation_allsides (207),0,17.91,1.339996,66.01,9.334668E-06,0,0,1,1,2,1,8.146034E-08,0,0
17,floor_tile_large (33),0,22.75,3.330002,19.45,9.334668E-06,0,0,2,1,2,1,8.146034E-08,0,0
17,floor_tile_large (34),0,14.88,3.330002,27.34,9.334668E-06,0,0,2,1,2,1,8.146034E-08,0,0
17,floor_tile_large (35),0,22.75,3.330002,27.34,9.334668E-06,0,0,2,1,2,1,8.146034E-08,0,0
17,floor_tile_large (37),0,22.75,3.330002,35.27,9.334668E-06,0,0,2,1,2,1,8.146034E-08,0,0
17,floor_tile_large (39),0,14.81,3.330002,35.23,9.334668E-06,0,0,2,1,2,1,8.146034E-08,0,0
17,floor_tile_large (40),0,14.81,3.330002,43.09,9.334668E-06,0,0,2,1,2,1,8.146034E-08,0,0
17,floor_tile_large (49),0,14.81,3.330002,51.06,9.334668E-06,0,0,2,1,2,1,8.146034E-08,0,0
17,floor_tile_large (51),0,14.81,3.330002,59.15492,9.334668E-06,0,0,2,1,2.0674,1,8.146034E-08,0,0
17,floor_tile_large (52),0,14.81,3.330002,67.02,9.334668E-06,0,0,2,1,2,1,8.146034E-08,0,0
17,floor_tile_large (56),0,6.81,3.330002,67.04,9.334668E-06,0,0,2,1,1.95,1,8.146034E-08,0,0
17,floor_tile_large (57),0,-0.8899999,7.330002,67.04,9.334668E-06,0,0,2.02,1,1.95,1,8.146034E-08,0,0
17,floor_tile_large (61),0,3.96,7.330002,74.23,9.334668E-06,0,0,1.5,1,1.67,1,8.146034E-08,0,0
17,floor_tile_large (62),0,-1.97,7.330002,74.23,9.334668E-06,0,0,1.5,1,1.67,1,8.146034E-08,0,0
17,floor_tile_large (63),0,3.96,7.330002,80.3,9.334668E-06,0,0,1.5,1,1.67,1,8.146034E-08,0,0
17,floor_tile_large (67),0,3.96,7.330002,92.88,9.334668E-06,0,0,1.5,1,1.67,1,8.146034E-08,0,0
17,floor_tile_large (68),0,-1.97,7.330002,92.86,9.334668E-06,0,0,1.5,1,1.67,1,8.146034E-08,0,0
17,floor_tile_large (69),0,-8.83,7.330002,91.07,9.334668E-06,0,0,2,1,2.08,1,8.146034E-08,0,0
17,floor_tile_large (70),0,-16.76,7.330002,91.07,9.334668E-06,0,0,2,1,2.08,1,8.146034E-08,0,0
17,floor_tile_large (71),0,-25.2,7.330002,91.05,9.334668E-06,0,0,2.26,1,2.08,1,8.146034E-08,0,0
17,floor_tile_large (72),0,-34.74,7.330002,91.08,9.334668E-06,0,0,2.57,1,2.08,1,8.146034E-08,0,0
17,floor_tile_large (87),0,-45.07,7.330002,94.77,9.334668E-06,0,0,2.6,1,2.3,1,8.146034E-08,0,0
17,floor_tile_large (88),0,-45.07,7.330002,103.91,9.334668E-06,0,0,2.6,1,2.3,1,8.146034E-08,0,0
17,floor_tile_large (89),0,-45.07,7.330002,76.96,9.334668E-06,0,0,2.6,1,2.061,1,8.146034E-08,0,0
17,floor_tile_large (91),0,-55.34,7.330002,94.77,9.334668E-06,0,0,2.6,1,2.3,1,8.146034E-08,0,0
17,floor_tile_large (95),0,-64.95,7.330002,94.77,9.334668E-06,0,0,2.6,1,2.3,1,8.146034E-08,0,0
17,floor_tile_large (97),0,-64.95,7.330002,103.91,9.334668E-06,0,0,2.6,1,2.3,1,8.146034E-08,0,0
17,floor_tile_large (99),0,-64.95,7.330002,85.63,9.334668E-06,0,0,2.6,1,2.3,1,8.146034E-08,0,0
17,floor_tile_large (98),0,-64.95,7.330002,76.9671,9.334668E-06,0,0,2.6013,1,2.06149,1,8.146034E-08,0,0
17,floor_tile_large (92),0,-55.34,7.330002,103.91,9.334668E-06,0,0,2.6,1,2.3,1,8.146034E-08,0,0
17,floor_tile_large (94),0,-55.34,7.330002,85.63,9.334668E-06,0,0,2.6,1,2.3,1,8.146034E-08,0,0
17,floor_tile_large (93),0,-55.34,7.330002,76.96,9.334668E-06,0,0,2.6,1,2.06,1,8.146034E-08,0,0
17,floor_tile_large (90),0,-45.07,7.330002,85.63,9.334668E-06,0,0,2.6,1,2.3,1,8.146034E-08,0,0
17,floor_tile_large (65),0,3.96,7.330002,86.8,9.334668E-06,0,0,1.5,1,1.67,1,8.146034E-08,0,0
17,floor_tile_large (66),0,-1.97,7.330002,86.8,9.334668E-06,0,0,1.5,1,1.67,1,8.146034E-08,0,0
17,floor_tile_large (64),0,-1.97,7.330002,80.3,9.334668E-06,0,0,1.5,1,1.67,1,8.146034E-08,0,0
17,floor_tile_large (53),0,14.81,3.330002,74.79,9.334668E-06,0,0,2,1,2,1,8.146034E-08,0,0
17,floor_tile_large (58),0,6.84,3.330002,74.79,9.334668E-06,0,0,2,1,2,1,8.146034E-08,0,0
17,floor_tile_large (54),0,14.81,3.330002,83.13,9.334668E-06,0,0,2,1,2.18,1,8.146034E-08,0,0
17,floor_tile_large (59),0,6.97,3.330002,83.13,9.334668E-06,0,0,2,1,2.18,1,8.146034E-08,0,0
17,floor_tile_large (55),0,14.81,3.330002,91.82,9.334668E-06,0,0,2,1,2.18,1,8.146034E-08,0,0
17,floor_tile_large (75),0,17.99,7.290001,78.66,9.334668E-06,0,0,1.5,1,1.5,1,8.146034E-08,0,0
17,floor_tile_large (81),0,30.29,11.29,54.15,9.334668E-06,0,0,1.8,1,2.48,1,8.146034E-08,0,0
17,floor_tile_large (83),0,30.29,11.29,64.57,9.334668E-06,0,0,1.8,1,2.78,1,8.146034E-08,0,0
17,floor_tile_large (84),0,22.81,11.29,64.52,9.334668E-06,0,0,2,1,2.78,1,8.146034E-08,0,0
17,floor_tile_large (82),0,22.81,11.29,54.17,9.334668E-06,0,0,2,1,2.51,1,8.146034E-08,0,0
17,floor_tile_large (77),0,23.6,7.290001,78.66,9.334668E-06,0,0,1.5,1,1.5,1,8.146034E-08,0,0
17,floor_tile_large (79),0,30.14,7.290001,78.66,9.334668E-06,0,0,1.85,1,1.5,1,8.146034E-08,0,0
17,floor_tile_large (80),0,30.14,7.290001,84.43,9.334668E-06,0,0,1.85,1,1.5,1,8.146034E-08,0,0
17,floor_tile_large (78),0,23.6,7.290001,84.43,9.334668E-06,0,0,1.5,1,1.5,1,8.146034E-08,0,0
17,floor_tile_large (76),0,17.99,7.290001,84.43,9.334668E-06,0,0,1.5,1,1.5,1,8.146034E-08,0,0
17,floor_tile_large (60),0,7.11,3.330002,91.82,9.334668E-06,0,0,2,1,2.18,1,8.146034E-08,0,0
17,floor_tile_large (46),0,22.73,3.330002,43.09,9.334668E-06,0,0,2,1,2,1,8.146034E-08,0,0
17,floor_tile_large (48),0,22.73,3.330002,50.99,9.334668E-06,0,0,2,1,2,1,8.146034E-08,0,0
17,floor_tile_large (47),0,30.45,3.330002,43.09,9.334668E-06,0,0,2,1,2,1,8.146034E-08,0,0
17,floor_tile_large (50),0,30.45,3.330002,51.07,9.334668E-06,0,0,2,1,2,1,8.146034E-08,0,0
17,floor_tile_large (38),0,30.47,3.330002,35.27,9.334668E-06,0,0,2,1,2,1,8.146034E-08,0,0
17,floor_tile_large (36),0,30.6,3.330002,27.34,9.334668E-06,0,0,2,1,2,1,8.146034E-08,0,0
0,stairs_wall_left,0,5,3.370003,70.15,0,180,0,1,1,1.58,0,0,1,0
16,floor_tile_grate_open,0,11.01,7.245003,81.97,9.334668E-06,0,0,2.05,1,2.52,1,8.146034E-08,0,0
2,stairs_wide (1),0,26.22,7.260002,75.69,9.334668E-06,0,0,1,1,1,1,8.146034E-08,0,0
8,wall (10),0,-10.64,7.300003,95.68,9.334668E-06,0,0,3,2,1,1,8.146034E-08,0,0
8,wall (12),0,-10.64,7.300003,86.47,9.334668E-06,0,0,3,2,1,1,8.146034E-08,0,0
5,wall_cracked (10),0,-31.63,7.300003,86.47,9.334668E-06,0,0,1.81,2,1,1,8.146034E-08,0,0
8,wall (13),0,-22.03,7.300003,86.47,9.334668E-06,0,0,3,2,1,1,8.146034E-08,0,0
8,wall (11),0,-22.03,7.300003,95.68,9.334668E-06,0,0,3,2,1,1,8.146034E-08,0,0
5,wall_cracked (4),0,-37.05,7.300003,86.47,9.334668E-06,0,0,1.23,2,1,1,8.146034E-08,0,0
5,wall_cracked (5),0,-31.63,7.300003,95.68,9.334668E-06,0,0,1.81,2,1,1,8.146034E-08,0,0
5,wall_cracked (9),0,-36.86,7.300003,95.68,9.334668E-06,0,0,1.27,2,1,1,8.146034E-08,0,0
11,barrier_corner,0,-12.36,-0.5800018,-11.78,9.334668E-06,0,0,1,1,1,1,8.146034E-08,0,0
11,barrier_corner (4),0,-12.35,-0.5800018,3.389999,0,270,0,1,1,1,0.7071068,0,-0.7071068,0
11,barrier_corner (13),0,19.19,3.360001,23.73,0,180,0,1,1,1,0,0,1,0
12,barrier (23),0,34.41,3.360001,27.18,0,91.00986,0,1,1,1,-0.7008479,0,-0.7133108,0
12,barrier (22),0,30.52,3.360001,23.73,0,180,0,1.1,1,1,0,0,-1,0
11,barrier_corner (16),0,34.38,3.360001,23.73,0,270,0,1,1,1,0.7071068,0,-0.7071068,0
11,barrier_corner (15),0,26.39,3.360001,23.73,0,90,0,1,1,1,0.7071068,0,0.7071068,0
10,barrier_colum_half (7),0,34.44,3.360001,30.46,0,270,0,1,1,1,0.7071068,0,-0.7071068,0
11,barrier_corner (14),0,11.08,3.360001,23.73,0,0,0,1,1,1,1,0,0,0
12,barrier (20),0,15.14,3.360001,23.73,0,180,0,1.1,1,1,0,0,-1,0
12,barrier (21),0,11.079,3.360001,27.179,0,90,0,1,1,1,-0.7071068,0,-0.7071068,0
12,barrier (26),0,11.14,3.360001,48.63,0,90,0,1.5,1,1,-0.7071068,0,-0.7071068,0
12,barrier (34),0,11.12,3.360001,54.51,0,90,0,1.5,1,1,-0.7071068,0,-0.7071068,0
12,barrier (35),0,11.12,3.360001,59.45,0,90,0,1,1,1,-0.7071068,0,-0.7071068,0
12,barrier (38),0,-0.75,7.43,63.48,0,0,0,1,1,1,-1,0,0,0
12,barrier (39),0,-4.42,7.43,69.47,0,90,0,2,1,1,-0.7071068,0,-0.7071068,0
12,barrier (40),0,-4.42,7.43,77.46,0,90,0,2,1,1,-0.7071068,0,-0.7071068,0
12,barrier (41),0,-4.42,7.43,82.47,0,90,0,1,1,1,-0.7071068,0,-0.7071068,0
10,barrier_colum_half (8),0,11.13,3.360001,43.7,0,90,0,1,1,1,-0.7071068,0,-0.7071068,0
10,barrier_colum_half (9),0,34.07,3.360001,43.7,0,90,0,1,1,1,-0.7071068,0,-0.7071068,0
10,barrier_colum_half (10),0,34.1,3.360001,49.19,0,270,0,1,1,1,0.7071068,0,-0.7071068,0
12,barrier (27),0,34.08,3.360001,46.58,0,91.00986,0,0.5,1,1,-0.7008479,0,-0.7133108,0
11,barrier_corner (5),0,-5.089999,-0.5800018,3.389999,0,0,0,1,1,1,1,0,0,0
11,barrier_corner (6),0,-12.36,-0.5800018,11.24,0,90,0,1,1,1,0.7071068,0,0.7071068,0
11,barrier_corner (7),0,-5.09,-0.5800018,11.24,0,180,0,1,1,1,0,0,1,0
11,barrier_corner (1),0,-5.05,-0.5800018,-11.78,0,270,0,1,1,1,0.7071068,0,-0.7071068,0
11,barrier_corner (2),0,-12.34,-0.5800018,-4.029999,0,180,0,1,1,1,0,0,1,0
11,barrier_corner (9),0,-20.42,-0.5800018,-4.029999,0,0,0,1,1,1,1,0,0,0
11,barrier_corner (8),0,-20.39,-0.5800018,3.389999,0,90,0,1,1,1,0.7071068,0,0.7071068,0
11,barrier_corner (3),0,-5.05,-0.5800018,-3.997772,0,90,0,1,1,1,0.7071068,0,0.7071068,0
12,barrier,0,-5.05,-0.5800018,-7.889999,0,270,0,1,1,1,0.7071068,0,-0.7071068,0
12,barrier (10),0,0.9099998,-0.5800018,-3.989998,0,180,0,2,1,1,0,0,-1,0
10,barrier_colum_half (1),0,14.68,-0.5800018,3.389999,9.334668E-06,0,0,1,1,1,1,8.146034E-08,0,0
12,barrier (12),0,0.8600001,-0.5800018,3.389999,0,180,0,2,1,1,0,0,-1,0
12,barrier (13),0,8.76,-0.5800018,3.389999,0,180,0,2,1,1,0,0,-1,0
12,barrier (11),0,8.76,-0.5800018,-3.989998,0,180,0,2,1,1,0,0,-1,0
12,barrier (9),0,-8.76,-0.5800018,-11.77,0,0,0,1,1,1,1,0,0,0
12,barrier (1),0,-12.33,-0.5800018,-7.889999,0,270,0,1,1,1,0.7071068,0,-0.7071068,0
11,barrier_corner (24),0,19.29,11.26,49.6,9.334668E-06,0,0,1,1,1,1,8.146034E-08,0,0
11,barrier_corner (25),0,33.48,11.26,49.6,0,270,0,1,1,1,0.7071068,0,-0.7071068,0
11,barrier_corner (26),0,19.35,11.26,75.14,0,90,0,1,1,1,0.7071068,0,0.7071068,0
11,barrier_corner (27),0,33.48,11.26,75.14,0,180,0,1,1,1,0,0,1,0
12,barrier (44),0,33.48,11.26,55.55,0,270,0,2,1,1,0.7071068,0,-0.7071068,0
12,barrier (53),0,33.48,11.26,63.51,0,270,0,2,1,1,0.7071068,0,-0.7071068,0
12,barrier (54),0,33.48,11.26,70.53,0,270,0,2,1,1,0.7071068,0,-0.7071068,0
12,barrier (50),0,19.31,11.26,55.49,0,270,0,2,1,1,0.7071068,0,-0.7071068,0
12,barrier (55),0,19.32,11.26,63.38,0,270,0,2,1,1,0.7071068,0,-0.7071068,0
12,barrier (56),0,19.32,11.26,70.06,0,270,0,2,1,1,0.7071068,0,-0.7071068,0
12,barrier (49),0,26.37,11.26,49.6,0,0,0,1,1,1,1,0,0,0
12,barrier (52),0,30.23,11.26,49.6,0,0,0,1,1,1,1,0,0,0
12,barrier (51),0,23.03,11.26,49.6,0,0,0,1,1,1,1,0,0,0
12,barrier (2),0,-16.36,-0.5800018,-4.029999,0,180,0,1.1,1,1,0,0,-1,0
11,barrier_corner (17),0,3.46,-0.5800018,20.27,0,90,0,1,1,1,0.7071068,0,0.7071068,0
11,barrier_corner (18),0,14.54,-0.5800018,20.27,0,180,0,1,1,1,0,0,1,0
11,barrier_corner (19),0,14.54,-0.5800018,9.160004,0,270,0,1,1,1,-0.7071068,0,0.7071068,0
11,barrier_corner (12),0,3.46,-0.5800018,9.190002,0,0,0,1,1,1,1,0,0,0
12,barrier (28),0,7.52,-0.5800018,9.190002,0,180,0,1.1,1,1,0,0,-1,0
12,barrier (33),0,10.58,-0.5800018,9.190002,0,180,0,1.1,1,1,0,0,-1,0
12,barrier (29),0,3.47,-0.5800018,13.18,0,90,0,1,1,1,-0.7071068,0,-0.7071068,0
12,barrier (31),0,3.47,-0.5800018,16.9,0,90,0,1,1,1,-0.7071068,0,-0.7071068,0
12,barrier (30),0,7.56,-0.5800018,20.26,0,180,0,1.1,1,1,0,0,-1,0
12,barrier (32),0,10.4,-0.5800018,20.26,0,180,0,1.1,1,1,0,0,-1,0
12,barrier (3),0,-20.41,-0.5800018,-0.5800018,0,91.00986,0,1,1,1,-0.7008479,0,-0.7133108,0
12,barrier (5),0,-16.36,-0.5800018,3.370003,0,180,0,1.1,1,1,0,0,-1,0
12,barrier (6),0,-12.34,-0.5800018,7.230003,0,270,0,1.1,1,1,0.7071068,0,-0.7071068,0
12,barrier (7),0,-8.57,-0.5800018,11.23,0,180,0,1.1,1,1,0,0,-1,0
12,barrier (8),0,-5.09,-0.5800018,7.160004,0,90,0,1.1,1,1,-0.7071068,0,-0.7071068,0
10,barrier_colum_half,0,14.68,-0.5800018,-3.989998,9.334668E-06,0,0,1,1,1,1,8.146034E-08,0,0
11,barrier_corner (10),0,19.19,3.360001,-7.849998,9.334668E-06,0,0,1,1,1,1,8.146034E-08,0,0
11,barrier_corner (11),0,26.39,3.360001,-7.849998,0,270,0,1,1,1,0.7071068,0,-0.7071068,0
10,barrier_colum_half (2),0,19.2,3.360001,-3.349998,0,270,0,1.25,1,1,0.7071068,0,-0.7071068,0
10,barrier_colum_half (3),0,19.2,3.360001,2.860001,0,90,0,1.1,1,1,-0.7071068,0,-0.7071068,0
10,barrier_colum_half (4),0,19.2,3.360001,12.83,0,270,0,1.1,1,1,0.7071068,0,-0.7071068,0
10,barrier_colum_half (11),0,14.55,-0.5800018,12.83,0,270,0,1.1,1,1,0.7071068,0,-0.7071068,0
10,barrier_colum_half (5),0,19.2,3.360001,16.96,0,90,0,1,1,1,-0.7071068,0,-0.7071068,0
10,barrier_colum_half (12),0,14.54,-0.5800018,16.91,0,90,0,1,1,1,-0.7071068,0,-0.7071068,0
10,barrier_colum_half (6),0,11.08,3.360001,30.46,0,270,0,1,1,1,0.7071068,0,-0.7071068,0
12,barrier (4),0,19.2,3.360001,7.731003,0,270,0,1.5,1,1,0.7071068,0,-0.7071068,0
12,barrier (14),0,26.39,3.360001,-2.860001,0,270,0,1.5,1,1,0.7071068,0,-0.7071068,0
12,barrier (19),0,22.41,3.360001,-7.860001,0,0,0,1,1,1,1,0,0,0
12,barrier (15),0,26.39,3.360001,3.110001,0,270,0,1.5,1,1,0.7071068,0,-0.7071068,0
12,barrier (16),0,26.39,3.360001,9.089996,0,270,0,1.5,1,1,0.7071068,0,-0.7071068,0
12,barrier (17),0,26.39,3.360001,15.01,0,270,0,1.5,1,1,0.7071068,0,-0.7071068,0
12,barrier (18),0,19.19,3.360001,20.36,0,270,0,0.7500001,1,1,0.7071068,0,-0.7071068,0
12,barrier (24),0,26.39,3.360001,19.83,0,270,0,1,1,1,0.7071068,0,-0.7071068,0
11,barrier_corner (20),0,11.11,3.360001,63.38,0,180,0,1,1,1,0,0,1,0
11,barrier_corner (22),0,-4.41,7.43,63.49,0,0,0,1,1,1,1,0,0,0
10,barrier_colum_half (13),0,7.54,3.360001,63.38,0,180.68,0,1,1,1,0.005934122,0,-0.9999824,0
10,barrier_colum_half (16),0,2.5,7.43,63.48,0,0,0,1,1,1,1,0,0,0
10,barrier_colum_half (17),0,-4.429999,7.43,86.33,0,270,0,1,1,1,0.7071068,0,-0.7071068,0
11,barrier_corner (21),0,18.38,3.309998,95.66,0,180,0,1,1,1,0,0,-1,0
12,barrier (25),0,14.39,3.309998,95.66,9.334668E-06,0,0,1,1,1,1,8.146034E-08,0,0
12,barrier (57),0,2.72,7.389999,95.66,9.334668E-06,0,0,1,1,1,1,8.146034E-08,0,0
12,barrier (58),0,-1.08,7.389999,95.66,9.334668E-06,0,0,1,1,1,1,8.146034E-08,0,0
10,barrier_colum_half (22),0,-4.35,7.389999,95.65,0,180,0,1,1,1,0,0,-1,0
10,barrier_colum_half (23),0,6.57,7.389999,95.65,0,0,0,1,1,1,-1,0,0,0
12,barrier (37),0,18.39,3.309998,91.77,0,270,0,1,1,1,0.7071068,0,-0.7071068,0
12,barrier (36),0,10.59,3.309998,95.66,9.334668E-06,0,0,1,1,1,1,8.146034E-08,0,0
10,barrier_colum_half (14),0,7.32,3.309998,95.65,0,180,0,1,1,1,0,0,-1,0
10,barrier_colum_half (15),0,18.38,3.309998,87.79,0,90,0,1,1,1,-0.7071068,0,-0.7071068,0
10,barrier_colum_half (18),0,15.52,7.323997,86.82,0,180,0,1,1,1,0,0,-1,0
18,pillar_decorated,0,-70.17,7.309998,106.41,0,90,0,4,4,4,0.7071068,0,0.7071068,0
18,pillar_decorated (1),0,-70.23,7.309998,75.64,0,90,0,4,4,4,0.7071068,0,0.7071068,0
7,wall_arched,0,-71.38,7.279999,84.2,0,270,0,3.5,3,3,0.7071068,0,-0.7071068,0
7,wall_arched (1),0,-71.38,7.279999,97.93,0,270,0,3.5,3,3,0.7071068,0,-0.7071068,0
8,wall (24),0,-49.91,7.349998,108.9,9.334668E-06,0,0,1,1,1,1,8.146034E-08,0,0
8,wall (27),0,-53.87,7.349998,108.9,9.334668E-06,0,0,1,1,1,1,8.146034E-08,0,0
8,wall (28),0,-57.8,7.349998,108.9,9.334668E-06,0,0,1,1,1,1,8.146034E-08,0,0
8,wall (25),0,-45.07,7.349998,108.9,9.334668E-06,0,0,1.5,1,1,1,8.146034E-08,0,0
8,wall (38),0,-61.76,7.349998,73.36,9.334668E-06,0,0,1,1,1,1,8.146034E-08,0,0
8,wall (37),0,-45.07,7.349998,73.36,9.334668E-06,0,0,1.5,1,1,1,8.146034E-08,0,0
8,wall (36),0,-57.8,7.349998,73.36,9.334668E-06,0,0,1,1,1,1,8.146034E-08,0,0
8,wall (35),0,-53.87,7.349998,73.36,9.334668E-06,0,0,1,1,1,1,8.146034E-08,0,0
8,wall (34),0,-49.91,7.349998,73.36,9.334668E-06,0,0,1,1,1,1,8.146034E-08,0,0
8,wall (39),0,-66.03,7.349998,73.36,9.334668E-06,0,0,1.4,1,1,1,8.146034E-08,0,0
8,wall (26),0,-61.76,7.349998,108.9,9.334668E-06,0,0,1,1,1,1,8.146034E-08,0,0
8,wall (29),0,-66.03,7.349998,108.9,9.334668E-06,0,0,1.4,1,1,1,8.146034E-08,0,0
3,wall_corner_small,0,-40.23,7.25,108.88,0,180,0,2.35,2,2.35,0,0,-1,0
3,wall_corner_small (1),0,-40.23,7.25,73.71,0,270,0,2.35,2,2.35,0.7071068,0,-0.7071068,0
8,wall (30),0,-39.64,7.25,104.01,0,270,0,1.5,2,1,0.7071068,0,-0.7071068,0
8,wall (31),0,-39.64,7.25,99.57,0,270,0,1.44,2,1,0.7071068,0,-0.7071068,0
8,wall (32),0,-39.64,7.25,83.13,0,270,0,1.26,2,1,0.7071068,0,-0.7071068,0
8,wall (33),0,-39.64,7.25,77.92,0,270,0,1.48,2,1,0.7071068,0,-0.7071068,0
11,barrier_corner (23),0,33.42,7.323997,86.85,0,180,0,1,1,1,0,0,-1,0
12,barrier (42),0,19.45,7.323997,86.83,9.334668E-06,0,0,1,1,1,1,8.146034E-08,0,0
12,barrier (46),0,27.26,7.323997,86.86,9.334668E-06,0,0,1,1,1,1,8.146034E-08,0,0
12,barrier (43),0,23.27,7.323997,86.85,9.334668E-06,0,0,1,1,1,1,8.146034E-08,0,0
12,barrier (45),0,30,7.323997,86.85,9.334668E-06,0,0,1,1,1,1,8.146034E-08,0,0
12,barrier (47),0,33.42,7.32,82.91,0,270,0,1,1,1,0.7071068,0,-0.7071068,0
12,barrier (48),0,33.42,7.32,79.48,0,270,0,1,1,1,0.7071068,0,-0.7071068,0
10,barrier_colum_half (19),0,33.41,7.32,76,0,90,0,1,1,1,0.7071068,0,0.7071068,0
10,barrier_colum_half (20),0,29.71,11.26,75.14,0,180,0,1,1,1,0,0,1,0
10,barrier_colum_half (21),0,22.9,11.26,75.14,0,0,0,1,1,1,-1,0,0,0
6,wall_corner (4),0,-39.62,7.43,95.7,9.334668E-06,0,0,1,1.95,1,1,8.146034E-08,0,0
6,wall_corner (5),0,-39.67,7.43,86.47,0,90,0,1,1.95,1,0.7071068,0,0.7071068,0
14,Primitive_Floor,1,-8.692923,-1.589996,-0.05249786,2.504478E-06,0,0,1.699504,1,5.66394,1,2.185569E-08,0,0
14,Primitive_Floor (2),1,9.3019,-1.589996,14.6859,2.504478E-06,0,0,2.855345,1,2.747262,1,2.185569E-08,0,0
14,Primitive_Floor (3),1,22.8221,2.389999,8.236801,2.504478E-06,0,0,1.926891,1,8.079092,1,2.185569E-08,0,0
14,Primitive_Floor (4),1,22.61828,2.389999,36.5731,2.504478E-06,0,0,5.746071,1,6.353166,1,2.185569E-08,0,0
14,Primitive_Floor (5),1,15.392,2.389999,57.0161,2.504478E-06,0,0,2.133183,1,4.021019,1,2.185569E-08,0,0
14,Primitive_Floor (6),1,13.3096,2.400002,75.9884,2.504478E-06,0,0,3.174391,1,6.400337,1,2.185569E-08,0,0
14,Primitive_Floor (8),1,1.295,3.328003,82.5971,2.504478E-06,0,0,2.840621,4.092,6.563114,1,2.185569E-08,0,0
14,Primitive_Floor (13),1,-22.036,6.419998,90.8109,0,270,0,2.30543,1,8.931041,0.7071068,0,-0.7071068,0
14,Primitive_Floor (14),1,-54.7762,6.419998,91.3115,0,270,0,8.856947,1,7.658389,0.7071068,0,-0.7071068,0
14,Primitive_Floor (10),1,24.1862,6.419998,81.4525,0,270,0,2.9818,1,4.597806,0.7071068,0,-0.7071068,0
14,Primitive_Floor (15),1,24.1862,1.610001,81.58,0,270,0,2.9818,4.8433,4.597806,0.7071068,0,-0.7071068,0
14,Primitive_Floor (12),1,26.34008,10.36,62.67233,0,270,0,6.700331,1,3.522647,0.7071068,0,-0.7071068,0
14,Primitive_Floor (11),1,10.9557,6.419998,81.9492,0,270,0,1.232955,1,2.034236,0.7071068,0,-0.7071068,0
14,Primitive_Floor (9),1,-0.5956001,6.419998,66.504,2.504478E-06,0,0,1.895528,1,1.495077,1,2.185569E-08,0,0
14,Primitive_Floor (7),1,12.4603,2.400002,92.0683,2.504478E-06,0,0,2.749657,1,1.665783,1,2.185569E-08,0,0
14,Primitive_Floor (1),1,-2.7894,-1.589996,-0.1826782,0,270,0,1.827055,1,8.809127,0.7071068,0,-0.7071068,0
15,Primitive_Cube,1,-12.3437,-0.5100021,7.2211,2.504478E-06,0,0,0.1281,1.6186,1.9306,1,2.185569E-08,0,0
15,Primitive_Cube (2),1,-5.11,-0.5100021,7.2211,2.504478E-06,0,0,0.1281,1.6186,1.9306,1,2.185569E-08,0,0
15,Primitive_Cube (3),1,-12.3437,-0.5100021,-7.629997,2.504478E-06,0,0,0.1281,1.6186,1.9306,1,2.185569E-08,0,0
15,Primitive_Cube (8),1,-20.12,-0.5100021,-0.3499985,2.504478E-06,0,0,0.1281,1.6186,1.9306,1,2.185569E-08,0,0
15,Primitive_Cube (4),1,-5.11,-0.5100021,-7.629997,2.504478E-06,0,0,0.1281,1.6186,1.9306,1,2.185569E-08,0,0
15,Primitive_Cube (1),1,-8.65,-0.5100021,11.15,0,270,0,0.1281,1.6186,1.9306,0.7071068,0,-0.7071068,0
15,Primitive_Cube (5),1,-8.65,-0.5100021,-11.73,0,270,0,0.1281,1.6186,1.9306,0.7071068,0,-0.7071068,0
15,Primitive_Cube (6),1,-15.95,-0.5100021,-3.970001,0,270,0,0.1281,1.6186,1.9306,0.7071068,0,-0.7071068,0
15,Primitive_Cube (9),1,4.9396,-0.5100021,-3.970001,0,270,0,0.1281,2.119233,5.010486,0.7071068,0,-0.7071068,0
15,Primitive_Cube (10),1,4.94,-0.5100021,3.389999,0,270,0,0.1281,2.119233,5.010486,0.7071068,0,-0.7071068,0
15,Primitive_Cube (13),1,9.1718,-0.5100021,20.19,0,270,0,0.1281,2.119233,2.894558,0.7071068,0,-0.7071068,0
15,Primitive_Cube (15),1,3.46,-0.5100021,14.81,0,180,0,0.1281,2.119233,2.894558,0,0,-1,0
15,Primitive_Cube (20),1,19.21,3.440002,20.5342,0,180,0,0.1281,1.543551,1.620004,0,0,-1,0
15,Primitive_Cube (21),1,19.21,3.440002,7.8582,0,180,0,0.1281,1.543551,2.357119,0,0,-1,0
15,Primitive_Cube (22),1,19.14,3.440002,-5.744102,0,180,0,0.1281,1.543551,1.034068,0,0,-1,0
15,Primitive_Cube (24),1,26.42,3.440002,8.179398,0,180,0,0.1281,1.543551,7.995779,0,0,-1,0
15,Primitive_Cube (23),1,22.7753,3.440002,-7.839996,0,90,0,0.1281,1.543551,1.734375,-0.7071068,0,-0.7071068,0
15,Primitive_Cube (25),1,30.2283,3.440002,24,0,90,0,0.1281,1.543551,2.008579,-0.7071068,0,-0.7071068,0
15,Primitive_Cube (29),1,30.6907,3.440002,31.2303,0,90,0,0.2432619,1.543551,1.777392,-0.7071068,0,-0.7071068,0
15,Primitive_Cube (30),1,15.24,3.440002,31.23,0,90,0,0.2432619,1.543551,1.777392,-0.7071068,0,-0.7071068,0
15,Primitive_Cube (31),1,14.9165,3.440002,42.9561,0,90,0,0.2454249,1.543551,1.615649,-0.7071068,0,-0.7071068,0
15,Primitive_Cube (32),1,30.4,3.440002,42.96,0,90,0,0.2454249,1.543551,1.615649,-0.7071068,0,-0.7071068,0
15,Primitive_Cube (35),1,26.15,3.279999,62.4615,0,90,0,6.605876,1.734797,3.699048,-0.7071068,0,-0.7071068,0
15,Primitive_Cube (26),1,15.49,3.440002,24,0,90,0,0.1281,1.543551,2.008579,-0.7071068,0,-0.7071068,0
15,Primitive_Cube (27),1,11.21,3.440002,27.5865,0,0,0,0.1281,1.543551,1.736818,-1,0,0,0
15,Primitive_Cube (33),1,11.93,3.440002,36.9347,0,0,0,0.1281,1.543551,2.699363,-1,0,0,0
15,Primitive_Cube (34),1,33.53,3.440002,36.9347,0,0,0,0.1281,1.543551,2.699363,-1,0,0,0
15,Primitive_Cube (36),1,33.53,3.440002,46.3515,0,0,0,0.1281,1.543551,1.567748,-1,0,0,0
15,Primitive_Cube (37),1,11.1,3.440002,53.243,0,0,0,0.1281,1.543551,5.013501,-1,0,0,0
15,Primitive_Cube (40),1,18.42,3.440002,91.713,0,0,0,0.1281,1.543551,2.31724,-1,0,0,0
15,Primitive_Cube (54),1,33.39,6.989998,81.2859,0,0,0,0.1281,2.564979,2.774284,-1,0,0,0
15,Primitive_Cube (55),1,33.39,6.989998,62.6888,0,0,0,0.1281,2.564979,6.560083,-1,0,0,0
15,Primitive_Cube (56),1,19.32,6.989998,62.5983,0,0,0,0.1281,2.564979,6.515129,-1,0,0,0
15,Primitive_Cube (38),1,3.5062,3.440002,63.47,0,90,0,0.1281,2.279052,3.90511,-0.7071068,0,-0.7071068,0
15,Primitive_Cube (62),1,4.9433,3.440002,64.01,0,90,0,0.1281,2.279052,0.9812458,-0.7071068,0,-0.7071068,0
15,Primitive_Cube (39),1,6.8694,3.440002,95.67,0,90,0,0.1281,2.973936,5.766771,-0.7071068,0,-0.7071068,0
15,Primitive_Cube (53),1,24.3378,3.440002,86.85,0,90,0,0.1281,2.973936,4.543063,-0.7071068,0,-0.7071068,0
15,Primitive_Cube (57),1,26.3452,11.229,49.56,0,90,0,0.1281,1.554179,3.520419,-0.7071068,0,-0.7071068,0
15,Primitive_Cube (58),1,31.3184,11.229,75.2379,0,90,0,0.2241494,1.504756,1.036126,-0.7071068,0,-0.7071068,0
15,Primitive_Cube (59),1,21.19,11.229,75.2379,0,90,0,0.2241494,1.504756,1.036126,-0.7071068,0,-0.7071068,0
15,Primitive_Cube (41),1,-22.2019,3.440002,95.43,0,90,0,0.1281,2.973936,8.798112,-0.7071068,0,-0.7071068,0
15,Primitive_Cube (47),1,-55.192,3.440002,108.6,0,90,0,0.1281,2.973936,7.669314,-0.7071068,0,-0.7071068,0
15,Primitive_Cube (48),1,-54.559,3.440002,73.84,0,90,0,0.1281,2.973936,7.352582,-0.7071068,0,-0.7071068,0
15,Primitive_Cube (42),1,-22.16,3.440002,86.72,0,90,0,0.1281,2.973936,8.775296,-0.7071068,0,-0.7071068,0
15,Primitive_Cube (43),1,-4.41,3.440002,75.2707,0,0,0,0.1281,2.973936,5.847295,-1,0,0,0
15,Primitive_Cube (44),1,-39.98,3.440002,81.3218,0,0,0,0.1281,2.973936,2.821904,-1,0,0,0
15,Primitive_Cube (45),1,-39.98,3.440002,100.83,0,0,0,0.1281,2.973936,2.821904,-1,0,0,0
15,Primitive_Cube (46),1,-70.12,7.378098,91.0242,0,0,0,0.1281,2.958038,6.540805,-1,0,0,0
15,Primitive_Cube (28),1,34.32,3.440002,27.5865,0,0,0,0.1281,1.543551,1.736818,-1,0,0,0
15,Primitive_Cube (16),1,14.48,-0.5100021,11.1643,0,180,0,0.1281,2.119233,1.071855,0,0,-1,0
15,Primitive_Cube (17),1,14.48,-0.5100021,18.66,0,180,0,0.1281,2.119233,1.071855,0,0,-1,0
15,Primitive_Cube (14),1,9.17,-0.5100021,9.199997,0,270,0,0.1281,2.119233,2.894558,0.7071068,0,-0.7071068,0
15,Primitive_Cube (11),1,17.1963,-0.5100021,2.6716,0,270,0,0.2513679,2.529728,1.118842,0.7071068,0,-0.7071068,0
15,Primitive_Cube (18),1,16.8365,-0.5100021,16.81,0,270,0,0.2513679,2.529728,1.300541,0.7071068,0,-0.7071068,0
15,Primitive_Cube (19),1,16.8365,-0.5100021,12.88,0,270,0,0.2513679,2.529728,1.300541,0.7071068,0,-0.7071068,0
15,Primitive_Cube (12),1,17.1963,-0.5100021,-3.212997,0,270,0,0.2911122,2.529728,1.118842,0.7071068,0,-0.7071068,0
15,Primitive_Cube (7),1,-15.95,-0.5100021,3.370003,0,270,0,0.1281,1.6186,1.9306,0.7071068,0,-0.7071068,0
15,Primitive_Cube (49),1,-40.9322,6.843803,74.71,2.504478E-06,0,0,0.8389,2.129,0.7014964,1,2.185569E-08,0,0
15,Primitive_Cube (50),1,-40.9322,6.840004,107.92,2.504478E-06,0,0,0.8389,2.129,0.7014964,1,2.185569E-08,0,0
15,Primitive_Cube (51),1,-68.72,6.840004,106.3293,2.504478E-06,0,0,0.8389,3.099185,1.49688,1,2.185569E-08,0,0
15,Primitive_Cube (52),1,-68.72,6.840004,75.72,2.504478E-06,0,0,0.8389,3.099185,1.49688,1,2.185569E-08,0,0
13,Primitive_Slope,1,16.97,-0.6976318,-0.0577774,2.504478E-06,0,0,1.1215,0.9792226,1.294694,1,2.185569E-08,0,0
13,Primitive_Slope (1),1,16.97,-0.6676331,15.26,2.504478E-06,0,0,1.1215,0.9980236,1.294694,1,2.185569E-08,0,0
13,Primitive_Slope (2),1,26.2584,7.110001,78.07,0,90,0,1,1.0405,1.394041,0.7071068,0,0.7071068,0
13,Primitive_Slope (4),1,29.22998,7.332367,77.79503,0,90,0,1.128204,1.294191,0.1506306,0.7071068,0,0.7071068,0
13,Primitive_Slope (5),1,23.18588,7.332367,77.79503,0,90,0,1.128204,1.294191,0.1506306,0.7071068,0,0.7071068,0
13,Primitive_Slope (3),1,5.666,2.550003,66.8464,0,180,0,1.237,1.190427,1.330514,0,0,-1,0
